[{"name":"ডাঃহুমায়ুন কবীর","Degree":"এমবিবিএস,বিসিএস(স্বাস্থ্য),এফসিপিএস(সার্জারি),এমএস (ইউরোলজি),থিসইস","Address":"ন্যাশনাল ইনস্টিটিউট অব কিডনি ডিজিজেস অ্যান্ড ইউরোলজি","Visit":"সাক্ষাৎঃশনিবার,বৃহস্পতিবার বিকাল ৩টা থেকে ৬টা পর্যন্ত","phone":"01743723682"},
{"name":"ডাঃ মোঃ শামীমুর রহমান","Degree":"এমবিবিএস, এমডি  নেফ্রোলজি) সহযোগী অধ্যাপক ও বিভাগীয় প্রধান, নেফ্রোলজি (কিডনীরোগ) বিশেষজ্ঞ","Address":"এনাম মেডিকেল কলেজ হাসপাতাল","Visit":"শনি - বৃহঃবার সকাল ৮টা - দুপুর ২:৩০টা (কক্ষ নং-১১৭)","phone":"02224443779-80,82; Hotline-10603"},
{"name":"ডাঃ মোঃ আশরাফুল আলম","Degree":"এমবিবিএস, এমডি  নেফ্রোলজি), সহকারী অধ্যাপক, নেফ্রালজি, (কিডনীরোগ) বিশেষজ্ঞ","Address":"এনাম মেডিকেল কলেজ হাসপাতাল","Visit":"শনি - বৃহঃবার সকাল ৯টা - দুপুর ২:৩০টা (কক্ষ নং-৫৯৬)","phone":"02224443779-80,82; Hotline-10603"},
{"name":" ডাঃ এইচ.ই.এম রেজওয়ানুর রহমান","Degree":"এমবিবিএস, এফআারএসএইচ (লন্ডন), ডিপ্লোমা ইন ফ্যামিলী মেডিসিন, এম.ডি (নেফ্রোলজি), ","Address":" জাতীয় কিডনীরোগ ইনস্টিটিউট, ঢাকা","Visit":"শুক্রবার সকাল ১০টা - বিকাল ৩টা এবং শনি, রবি ও মঙ্গলবার বিকাল ৪টা - রাত ৮টা (কক্ষ নং-২০৮)","phone":"02224443779-80,82; Hotline-10603"},



{"name":"ডাঃ মোঃ অহিদুজ্জামান  খান ","Degree":"এমবিবিএস, বিবিএস (স্বাস্থ্য), এমএস (ইউরোলজি- বিএসএমএমইউ) সহকারী অধ্যাপক , ইউরোলজি বিভাগ","Address":"ফরিদপুর মেডিকেল কলেজ হাসপাতাল","Visit":"রোগী দেখার সময়: শুক্রবার বেলা ১১টা - দুপুর ১টা","phone":"Appointment: +88 02 7745255-59, +880 1844-141715, +880 1784188708 Chamber Time: Friday- 10.00AM To 5.00PM. Saturday- 4.00PM To 7.00PM."},
{"name":"ডাঃ মোঃ রোকনুজ্জামান খান","Degree":"এমবিবিএস, বিসিএস (স্বাস্থ্য), এমএস (ইউরালজি) সহকারী অধ্যাপক ইউরোলজি বিভাগ","Address":"দিনাজপুর, মেডিকেল কলেজ ও হাসপাতাল","Visit":"রোগী দেখার সময়: শনি, রবি ও মঙ্গলবার বিকেল ৫:৩০টা - সন্ধ্যা ৭টা","phone":"Appointment: +88 02 7745255-59, +880 1844-141715, +880 1784188708 Chamber Time: Friday- 10.00AM To 5.00PM. Saturday- 4.00PM To 7.00PM."},
{"name":" ডাঃ মোঃ ময়নুল হক চৌধুরী","Degree":"এমবিবিএস, বিসিএস, এফসিপিএস (ইউরোলজি), সিপিএ (আমেরিকা) ","Address":"ন্যাশনাল ইনস্টিটিউট অব কিডনি ডিজিজেস এন্ড ইউরোলজি, ঢাকা","Visit":"রোগী দেখার সময়: শনি, সোম, মঙ্গল ও বুধাবার বিকেল ৫টা-রাত ৭টা","phone":"Appointment: +88 02 7745255-59, +880 1844-141715, +880 1784188708 Chamber Time: Friday- 10.00AM To 5.00PM. Saturday- 4.00PM To 7.00PM."},
{"name":"সহকারী অধ্যাপক ডাঃ আকরাম হোসেন খান","Degree":"এমবিবিএস(ঢাকা),বিসিএস (স্বাস্থ্য),এফসিপিএস(ইউরোলজি),এমএস(সার্জারি)","Address":"ন্যাশনাল ইনস্টিটিউট অব কিডনি ডিজিজেস অ্যান্ড ইউরোলজি","Visit":"সাক্ষাৎঃশনি থেকে বৃহস্পতিবার বিকাল ৫টা থেকে ৮টা পর্যন্ত এবং শুক্রবার ৯ টা থেকে ২টা পর্যন্ত ও বিকাল ৫টা থেকে রাত ৮টা পর্যন্ত (রবিবার বন্ধ)","phone":"01743723682"},
{"name":"সহকারী অধ্যাপক ডাক্তার মোহাম্মদ নওশাদ আলম:","Degree":"এমবিবিএস (ডিএমসি), বিসিএস (স্বাস্থ্য),এফসিপিএস (সার্জারি),এমএস (ইউরোলজি),জেনারেল,ল্যাপারোস্কোপিক সার্জন ও কিডনি, মূত্রথলি কনসালটেন্ট ইউরোলজিস্ট,জেনারেল ও ল্যাপারোস্কোপিক সার্জন","Address":"ন্যাশনাল ইনস্টিটিউট অব কিডনি ডিজিজেস অ্যান্ড ইউরোলজি,শের-এ-বাংলা নগর,ঢাকা","Visit":"সাক্ষাৎঃপ্রতি মঙ্গলবার বিকাল ৪টা থেকে সন্ধ্যা ৬ টা","phone":"01752561542,01856413153"},
{"name":"সহকারী অধ্যাপক ডাক্তার আকরাম হোসেন খান","Degree":"এমবিবিএস (ঢাকা),এফসিপিএস( ইউরোলজি),(থিসস)","Address":"কর্নেল মালেক মেডিকেল কলেজ ও হাসপাতাল, মানিকগঞ্জ","Visit":"সাক্ষাৎঃ অন কল","phone":"01752561542,01856413153"},
{"name":"অ্যাসিস্ট্যান্ট প্রফেসর ডাঃআকরাম হোসেন খান","Degree":"এমবিবিএস,বিসিএস (স্বাস্থ),এমএস (সার্জারি),এফসিপিএস (ইউরোলজি থিসস)","Address":"সাভার কেয়ার হাসপাতাল","Visit":"সাক্ষাৎঃপ্রতিদিন বিকেল ৪ টা থেকে রাত ৮ টা পর্যন্ত এবং শুক্রবার সকাল ১০টা থেকে ১টা পর্যন্ত বিকাল ৫টা থেকে রাত ৮টা পর্য","phone":"01703330230,02-7744588"},
{"name":" অ্যাসিস্ট্যান্ট প্রফেসর ডাঃ তৌহিদ বেলাল তপন","Degree":"এমবিবিএস,বিসিএস (স্বাস্থ্য),এফসিপিএস (ইউরোলজি)","Address":"ঢাকা মেডিকেল কলেজ ও হাসপাতাল","Visit":"সাক্ষাৎঃ অন কল","phone":"01703330230,02-7744588"},

{"name":"ডাঃ তৌহিদুল আলম ইসলাম","Degree":"এমবিবিএস (ঢাকা মেডিকেল কলেজ),এমএস (ইউরোলজি) কনসালটেন্ট,ইউরোলজি ।","Address":"পপুলার ডায়াগনস্টিক সেন্টার লিঃ","Visit":"সাক্ষাৎঃ সোমবার বিকেল ৩টা থেকে ৬টা এবং  শুক্রবার সকাল ১০টা থেকে সন্ধ্যা ৬টা পর্যন্ত","phone":"09613-787808"},
{"name":"অ্যাসিস্ট্যান্ট প্রফেসর ডাঃ মোঃ নাসির উদ্দিন","Degree":"এমবিবিএস,বিসিএস,এফসিপিএস (ইউরোলজি)","Address":"শের-ই-বাংলা নগর, ঢাকা","Visit":"সাক্ষাৎঃপ্রতি রবিবার বিকাল ৪টা থেকে সন্ধ্যা ৬টা পর্যন্ত","phone":"09613-787808"},
{"name":"ডাঃ জুলকার নাইমুল ইসলাম সোহেল","Degree":" এমবিবিএস,এমআরসিএস (সার্জারি এডিনবার্গ),এমএস (ইউরোলজি)","Address":"শের-ই-বাংলা নগর, ঢাকা","Visit":"সাক্ষাৎঃ শনিবার এবং বৃহস্পতিবার বিকাল ৩টা থেকে ৬টা এবং  মঙ্গলবার বিকাল ৩টা থেকে ৪ঃ৩০টা পর্যন্ত","phone":"09613-787808"},
{"name":"ডাঃআকরাম হোসেন খান","Degree":"এমবিবিএস (ঢাকা),বিসিএস (স্বাস্থ্য),এমএস (সার্জারি),এফসিপিএস (ইউরোলজিস্ট)","Address":"মানিকগঞ্জ মেডিকেল কলেজ","Visit":"সাক্ষাৎঃ প্রতিদিন অনকল","phone":"01743934070, 01726445903"}
]